{
  "publicKey": "CVkXhVjAnhxTckXLyv9rKe4i1Xs96oJBcu32uBcq8ZnT",
  "secretKey": [
    165,
    184,
    181,
    86,
    163,
    45,
    94,
    66,
    137,
    101,
    86,
    195,
    140,
    14,
    240,
    251,
    185,
    128,
    90,
    223,
    32,
    23,
    210,
    80,
    243,
    32,
    25,
    73,
    10,
    153,
    230,
    214,
    170,
    206,
    9,
    157,
    84,
    67,
    179,
    241,
    46,
    220,
    0,
    211,
    85,
    41,
    103,
    239,
    42,
    225,
    139,
    98,
    13,
    63,
    161,
    141,
    176,
    27,
    89,
    242,
    33,
    225,
    11,
    68
  ],
  "balance": 0,
  "tokens": 0,
  "type": "bot"
}