{
  "publicKey": "6PZiZJBuaTwiiSAnyb8DJ6nL3kPDS7RQaRAYbaRRZCKT",
  "secretKey": [
    150,
    100,
    81,
    250,
    18,
    111,
    201,
    158,
    151,
    250,
    220,
    89,
    113,
    247,
    62,
    129,
    97,
    246,
    252,
    107,
    142,
    197,
    133,
    252,
    107,
    246,
    100,
    73,
    53,
    226,
    126,
    123,
    80,
    18,
    52,
    128,
    243,
    186,
    60,
    136,
    121,
    115,
    212,
    168,
    41,
    151,
    243,
    159,
    158,
    169,
    214,
    237,
    61,
    193,
    207,
    231,
    38,
    219,
    31,
    85,
    196,
    133,
    110,
    122
  ],
  "balance": 0.01298,
  "tokens": 0,
  "type": "bot"
}