{
  "publicKey": "EBDNc9Gp7oXo9rrcQELkXbkD9Cy7bCYHLLPzWvjJnU55",
  "secretKey": [
    238,
    22,
    84,
    13,
    21,
    0,
    116,
    37,
    116,
    183,
    247,
    61,
    23,
    207,
    134,
    234,
    65,
    154,
    161,
    232,
    133,
    113,
    106,
    175,
    108,
    234,
    3,
    55,
    170,
    126,
    92,
    132,
    195,
    197,
    186,
    79,
    225,
    68,
    209,
    225,
    101,
    0,
    78,
    69,
    182,
    195,
    65,
    100,
    183,
    217,
    225,
    191,
    70,
    143,
    251,
    20,
    17,
    123,
    225,
    73,
    17,
    147,
    123,
    208
  ],
  "balance": 0.006,
  "tokens": 0,
  "type": "bot"
}