{
  "publicKey": "DwUmATXp3p8tTjv71PxugMo7hTNJ6AXhPFiCSG3g77QW",
  "secretKey": [
    45,
    186,
    10,
    25,
    123,
    118,
    32,
    246,
    163,
    36,
    229,
    27,
    205,
    225,
    210,
    150,
    208,
    12,
    222,
    92,
    118,
    92,
    181,
    80,
    240,
    234,
    166,
    157,
    163,
    5,
    200,
    187,
    192,
    64,
    255,
    43,
    129,
    50,
    212,
    200,
    214,
    201,
    10,
    183,
    73,
    75,
    234,
    1,
    135,
    224,
    32,
    202,
    6,
    185,
    208,
    179,
    182,
    169,
    20,
    23,
    201,
    83,
    187,
    11
  ],
  "balance": 0.1,
  "tokens": 0,
  "type": "ghost"
}