{
  "publicKey": "4XWnWcfTWLm4g7SAbfHVL58SoKjrgTBNq7b6YRJeLYoW",
  "secretKey": [
    234,
    69,
    216,
    91,
    57,
    250,
    233,
    126,
    248,
    154,
    55,
    94,
    13,
    118,
    76,
    128,
    90,
    118,
    25,
    166,
    222,
    182,
    84,
    139,
    235,
    61,
    143,
    53,
    70,
    7,
    81,
    114,
    52,
    100,
    41,
    165,
    101,
    134,
    255,
    121,
    93,
    138,
    221,
    12,
    15,
    196,
    236,
    159,
    156,
    59,
    218,
    187,
    213,
    70,
    164,
    131,
    234,
    248,
    190,
    0,
    121,
    18,
    66,
    77
  ],
  "balance": 0.01694,
  "tokens": 0,
  "type": "ghost"
}