{
  "publicKey": "5bfMkiL1ttn6YF25qWZUuYM1WJZ1RPGnkeWsPU1mJ5qE",
  "secretKey": [
    125,
    151,
    253,
    82,
    118,
    12,
    209,
    249,
    230,
    132,
    151,
    103,
    101,
    42,
    97,
    137,
    151,
    182,
    152,
    49,
    173,
    37,
    240,
    116,
    96,
    99,
    132,
    210,
    161,
    160,
    58,
    246,
    68,
    79,
    221,
    213,
    167,
    81,
    3,
    131,
    234,
    190,
    83,
    123,
    193,
    251,
    224,
    254,
    231,
    196,
    156,
    34,
    55,
    156,
    178,
    88,
    180,
    144,
    120,
    254,
    234,
    80,
    170,
    165
  ],
  "balance": 0.01099,
  "tokens": 0,
  "type": "main"
}