{
  "publicKey": "2UcMUd6ttmg6g7RMVemkZVdCk8ieMwh7EtisSNjvDy1E",
  "secretKey": [
    84,
    124,
    74,
    160,
    220,
    23,
    116,
    72,
    255,
    224,
    196,
    159,
    76,
    56,
    236,
    179,
    98,
    133,
    81,
    122,
    99,
    126,
    141,
    200,
    15,
    97,
    70,
    163,
    228,
    37,
    62,
    82,
    21,
    238,
    87,
    179,
    78,
    165,
    105,
    31,
    136,
    71,
    78,
    191,
    162,
    82,
    134,
    250,
    14,
    43,
    24,
    71,
    194,
    225,
    65,
    226,
    226,
    29,
    62,
    188,
    75,
    138,
    148,
    29
  ],
  "balance": 0.006,
  "tokens": 0,
  "type": "mirror"
}